RefEx_Sample_ID	BioSample_ID	Project_Sample_ID
RES00001647	SAMD00022157	13541-145H4
RES00001647	SAMD00022158	13542-145H5
RES00001647	SAMD00022159	13543-145H6
RES00001648	SAMD00022160	13544-145H7
RES00001648	SAMD00022161	13545-145H8
RES00001648	SAMD00022162	13546-145H9
RES00001649	SAMD00022163	13547-145I1
RES00001649	SAMD00022164	13548-145I2
RES00001649	SAMD00022165	13549-145I3
RES00001650	SAMD00022166	13550-145I4
RES00001650	SAMD00022167	13551-145I5
RES00001650	SAMD00022168	13552-145I6
RES00001651	SAMD00022237	13625-146H7
RES00001651	SAMD00022238	13626-146H8
RES00001651	SAMD00022239	13627-146H9
RES00001652	SAMD00022240	13628-146I1
RES00001652	SAMD00022241	13629-146I2
RES00001652	SAMD00022242	13630-146I3
RES00001653	SAMD00022243	13631-146I4
RES00001653	SAMD00022244	13632-146I5
RES00001653	SAMD00022245	13633-146I6
RES00001654	SAMD00022246	13634-146I7
RES00001654	SAMD00022247	13635-146I8
RES00001654	SAMD00022248	13636-146I9
RES00001655	SAMD00022249	13637-147A1
RES00001655	SAMD00022250	13638-147A2
RES00001655	SAMD00022251	13639-147A3
RES00001656	SAMD00022252	13640-147A4
RES00001656	SAMD00022253	13641-147A5
RES00001656	SAMD00022254	13642-147A6
RES00001657	SAMD00022255	13643-147A7
RES00001657	SAMD00022256	13644-147A8
RES00001657	SAMD00022257	13645-147A9
RES00001658	SAMD00022258	13646-147B1
RES00001658	SAMD00022259	13647-147B2
RES00001658	SAMD00022260	13648-147B3
RES00001659	SAMD00022261	13649-147B4
RES00001659	SAMD00022262	13650-147B5
RES00001659	SAMD00022263	13651-147B6
RES00001660	SAMD00022264	13652-147B7
RES00001660	SAMD00022265	13653-147B8
RES00001660	SAMD00022266	13654-147B9
RES00001661	SAMD00022267	13655-147C1
RES00001661	SAMD00022268	13656-147C2
RES00001661	SAMD00022269	13657-147C3
RES00001662	SAMD00022270	13658-147C4
RES00001662	SAMD00022271	13659-147C5
RES00001662	SAMD00022272	13660-147C6
RES00001663	SAMD00022273	13661-147C7
RES00001663	SAMD00022274	13662-147C8
RES00001663	SAMD00022275	13663-147C9
RES00001664	SAMD00022276	13664-147D1
RES00001664	SAMD00022277	13665-147D2
RES00001664	SAMD00022278	13666-147D3
RES00001665	SAMD00022279	13667-147D4
RES00001665	SAMD00022280	13668-147D5
RES00001665	SAMD00022281	13669-147D6
RES00001666	SAMD00022282	13670-147D7
RES00001666	SAMD00022283	13671-147D8
RES00001666	SAMD00022284	13672-147D9
RES00001667	SAMD00022285	13674-147E2
RES00001667	SAMD00022286	13675-147E3
RES00001668	SAMD00022287	13676-147E4
RES00001668	SAMD00022288	13677-147E5
RES00001668	SAMD00022289	13678-147E6
RES00001669	SAMD00022290	13679-147E7
RES00001669	SAMD00022291	13680-147E8
RES00001669	SAMD00022292	13681-147E9
RES00001670	SAMD00022293	13682-147F1
RES00001670	SAMD00022294	13683-147F2
RES00001670	SAMD00022295	13684-147F3
RES00001671	SAMD00022296	13685-147F4
RES00001671	SAMD00022297	13686-147F5
RES00001671	SAMD00022298	13687-147F6
RES00001672	SAMD00004950	11376-118A8
RES00001672	SAMD00005945	11327-117E4
RES00001673	SAMD00005241	11473-119C6
RES00001673	SAMD00004933	11474-119C7
RES00001673	SAMD00004962	11475-119C8
RES00001674	SAMD00004829	11476-119C9
RES00001675	SAMD00004865	11259-116F8
RES00001675	SAMD00005509	11336-117F4
RES00001675	SAMD00004870	11408-118E4
RES00001676	SAMD00021660	13019-139D4
RES00001676	SAMD00021663	13022-139D7
RES00001676	SAMD00021666	13025-139E1
RES00001676	SAMD00021669	13028-139E4
RES00001677	SAMD00021661	13020-139D5
RES00001677	SAMD00021664	13023-139D8
RES00001677	SAMD00021667	13026-139E2
RES00001677	SAMD00021670	13029-139E5
RES00001678	SAMD00021662	13021-139D6
RES00001678	SAMD00021665	13024-139D9
RES00001678	SAMD00021668	13027-139E3
RES00001678	SAMD00021671	13030-139E6
RES00001679	SAMD00004797	11510-119G7
RES00001679	SAMD00005923	11590-120G6
RES00001679	SAMD00005668	11671-122G6
RES00001680	SAMD00005540	11533-120A3
RES00001680	SAMD00005434	11613-122A2
RES00001680	SAMD00005453	11694-123A2
RES00001681	SAMD00005107	11248-116E6
RES00001681	SAMD00005450	11463-119B5
RES00001682	SAMD00005537	12642-134G5
RES00001682	SAMD00005336	12740-135I4
RES00001682	SAMD00021555	12838-137B3
RES00001683	SAMD00021404	12643-134G6
RES00001683	SAMD00021480	12741-135I5
RES00001683	SAMD00021556	12839-137B4
RES00001684	SAMD00021405	12644-134G7
RES00001684	SAMD00021481	12742-135I6
RES00001684	SAMD00021557	12840-137B5
RES00001685	SAMD00021406	12645-134G8
RES00001685	SAMD00021482	12743-135I7
RES00001685	SAMD00021558	12841-137B6
RES00001686	SAMD00021407	12646-134G9
RES00001686	SAMD00021483	12744-135I8
RES00001686	SAMD00021559	12842-137B7
RES00001687	SAMD00021408	12647-134H1
RES00001687	SAMD00021484	12745-135I9
RES00001687	SAMD00021560	12843-137B8
RES00001688	SAMD00021409	12648-134H2
RES00001688	SAMD00021485	12746-136A1
RES00001688	SAMD00021561	12844-137B9
RES00001689	SAMD00021410	12649-134H3
RES00001689	SAMD00021486	12747-136A2
RES00001689	SAMD00021562	12845-137C1
RES00001690	SAMD00021411	12650-134H4
RES00001690	SAMD00021487	12748-136A3
RES00001690	SAMD00021563	12846-137C2
RES00001691	SAMD00021412	12651-134H5
RES00001691	SAMD00021488	12749-136A4
RES00001691	SAMD00021564	12847-137C3
RES00001692	SAMD00005824	12652-134H6
RES00001692	SAMD00005935	12750-136A5
RES00001692	SAMD00021565	12848-137C4
RES00001693	SAMD00021413	12653-134H7
RES00001693	SAMD00021489	12751-136A6
RES00001693	SAMD00021566	12849-137C5
RES00001694	SAMD00021414	12654-134H8
RES00001694	SAMD00021490	12752-136A7
RES00001694	SAMD00021567	12850-137C6
RES00001695	SAMD00021415	12655-134H9
RES00001695	SAMD00021491	12753-136A8
RES00001695	SAMD00021568	12851-137C7
RES00001696	SAMD00021416	12656-134I1
RES00001696	SAMD00021492	12754-136A9
RES00001696	SAMD00021569	12852-137C8
RES00001697	SAMD00021417	12657-134I2
RES00001697	SAMD00021493	12755-136B1
RES00001697	SAMD00021570	12853-137C9
RES00001698	SAMD00021418	12658-134I3
RES00001698	SAMD00021494	12756-136B2
RES00001698	SAMD00021571	12854-137D1
RES00001699	SAMD00021419	12659-134I4
RES00001699	SAMD00021495	12757-136B3
RES00001699	SAMD00021572	12855-137D2
RES00001700	SAMD00021420	12660-134I5
RES00001700	SAMD00021496	12758-136B4
RES00001700	SAMD00021573	12856-137D3
RES00001701	SAMD00021421	12661-134I6
RES00001701	SAMD00021497	12759-136B5
RES00001701	SAMD00021574	12857-137D4
RES00001702	SAMD00005763	11500-119F6
RES00001702	SAMD00004917	11580-120F5
RES00001702	SAMD00004940	11661-122F5
RES00001703	SAMD00004792	11235-116D2
RES00001703	SAMD00005749	11316-117D2
RES00001703	SAMD00005736	11392-118C6
RES00001704	SAMD00005328	10821-111C2
RES00001704	SAMD00005657	10822-111C3
RES00001704	SAMD00004741	10823-111C4
RES00001705	SAMD00005439	12241-129G9
RES00001705	SAMD00004913	12242-129H1
RES00001705	SAMD00005610	12243-129H2
RES00001706	SAMD00005270	11511-119G8
RES00001706	SAMD00005405	11591-120G7
RES00001706	SAMD00005212	11672-122G7
RES00001706	SAMD00005472	11453-119A4
RES00001706	SAMD00005796	11457-119A8
RES00001706	SAMD00005825	11461-119B3
RES00001706	SAMD00005364	11769-123I5
RES00001707	SAMD00004763	10422-106C8
RES00001708	SAMD00005827	10476-106I8
RES00001709	SAMD00005606	12224-129F1
RES00001710	SAMD00004782	12223-129E9
RES00001711	SAMD00005512	11224-116B9
RES00001711	SAMD00005394	11305-117B9
RES00001711	SAMD00005539	11381-118B4
RES00001712	SAMD00005343	11229-116C5
RES00001712	SAMD00004810	11310-117C5
RES00001712	SAMD00004934	11386-118B9
RES00001713	SAMD00004949	11863-125A9
RES00001713	SAMD00005767	11873-125C1
RES00001713	SAMD00004822	11883-125D2
RES00001714	SAMD00005846	11869-125B6
RES00001714	SAMD00004841	11879-125C7
RES00001714	SAMD00005156	11889-125D8
RES00001715	SAMD00004938	11860-125A6
RES00001715	SAMD00004743	11870-125B7
RES00001715	SAMD00005081	11880-125C8
RES00001716	SAMD00005942	11868-125B5
RES00001716	SAMD00005082	11878-125C6
RES00001716	SAMD00005146	11888-125D7
RES00001717	SAMD00005251	11867-125B4
RES00001717	SAMD00004834	11877-125C5
RES00001717	SAMD00005991	11887-125D6
RES00001718	SAMD00005955	11864-125B1
RES00001718	SAMD00005380	11874-125C2
RES00001718	SAMD00004883	11884-125D3
RES00001719	SAMD00005739	11861-125A7
RES00001719	SAMD00005047	11871-125B8
RES00001719	SAMD00005007	11881-125C9
RES00001720	SAMD00005560	11866-125B3
RES00001720	SAMD00004857	11876-125C4
RES00001720	SAMD00005948	11886-125D5
RES00001721	SAMD00004744	11862-125A8
RES00001721	SAMD00005981	11872-125B9
RES00001721	SAMD00005810	11882-125D1
RES00001722	SAMD00004927	11865-125B2
RES00001722	SAMD00006012	11875-125C3
RES00001722	SAMD00004980	11885-125D4
RES00001723	SAMD00005543	11789-124B7
RES00001723	SAMD00005678	11801-124D1
RES00001723	SAMD00005092	11912-125G4
RES00001724	SAMD00005516	11788-124B6
RES00001724	SAMD00004679	11799-124C8
RES00001724	SAMD00004844	11910-125G2
RES00001725	SAMD00005226	11790-124B8
RES00001725	SAMD00005837	11800-124C9
RES00001725	SAMD00005535	11911-125G3
RES00001726	SAMD00005661	12189-129B2
RES00001726	SAMD00005696	12194-129B7
RES00001726	SAMD00005684	12199-129C3
RES00001726	SAMD00005465	12151-128F9
RES00001726	SAMD00005718	12174-128I5
RES00001726	SAMD00005213	12204-129C8
RES00001726	SAMD00005768	12209-129D4
RES00001726	SAMD00004750	12214-129D9
RES00001727	SAMD00005397	11544-120B5
RES00001727	SAMD00005602	11624-122B4
RES00001727	SAMD00004926	11705-123B4
RES00001728	SAMD00005033	11931-125I5
RES00001728	SAMD00004861	11932-125I6
RES00001729	SAMD00005368	11545-120B6
RES00001729	SAMD00005630	11625-122B5
RES00001730	SAMD00005703	12225-129F2
RES00001730	SAMD00005703	12225-129F2
RES00001731	SAMD00005494	11225-116C1
RES00001731	SAMD00005976	11306-117C1
RES00001731	SAMD00005947	11382-118B5
RES00001732	SAMD00004706	11793-124C2
RES00001732	SAMD00003167	11915-125G7
RES00001732	SAMD00003165	11919-125H2
RES00001733	SAMD00005426	11780-124A7
RES00001733	SAMD00005102	11796-124C5
RES00001733	SAMD00005314	11907-125F8
RES00001734	SAMD00005636	11794-124C3
RES00001734	SAMD00005387	11916-125G8
RES00001734	SAMD00004761	11920-125H3
RES00001735	SAMD00005031	11782-124A9
RES00001735	SAMD00005355	11797-124C6
RES00001735	SAMD00005127	11908-125F9
RES00001736	SAMD00005479	11791-124B9
RES00001736	SAMD00005773	11913-125G5
RES00001736	SAMD00005705	11917-125G9
RES00001737	SAMD00004701	11784-124B2
RES00001737	SAMD00005585	11795-124C4
RES00001737	SAMD00005907	11906-125F7
RES00001738	SAMD00004924	11792-124C1
RES00001738	SAMD00003166	11914-125G6
RES00001738	SAMD00003164	11918-125H1
RES00001739	SAMD00005369	11786-124B4
RES00001739	SAMD00004816	11798-124C7
RES00001739	SAMD00004886	11909-125G1
RES00001740	SAMD00004693	12186-129A8
RES00001740	SAMD00005892	12191-129B4
RES00001740	SAMD00004770	12196-129B9
RES00001740	SAMD00005124	12148-128F6
RES00001740	SAMD00005774	12171-128I2
RES00001740	SAMD00004860	12201-129C5
RES00001740	SAMD00005312	12206-129D1
RES00001740	SAMD00005322	12211-129D6
RES00001741	SAMD00005373	11226-116C2
RES00001741	SAMD00005210	11307-117C2
RES00001741	SAMD00006002	11383-118B6
RES00001742	SAMD00022169	13553-145I7
RES00001742	SAMD00022170	13554-145I8
RES00001742	SAMD00022171	13555-145I9
RES00001743	SAMD00022172	13556-146A1
RES00001743	SAMD00022173	13557-146A2
RES00001743	SAMD00022174	13558-146A3
RES00001744	SAMD00022175	13559-146A4
RES00001744	SAMD00022176	13560-146A5
RES00001744	SAMD00022177	13561-146A6
RES00001745	SAMD00022178	13562-146A7
RES00001745	SAMD00022179	13563-146A8
RES00001745	SAMD00022180	13564-146A9
RES00001746	SAMD00022181	13565-146B1
RES00001746	SAMD00022182	13566-146B2
RES00001746	SAMD00022183	13567-146B3
RES00001747	SAMD00022184	13568-146B4
RES00001747	SAMD00022185	13569-146B5
RES00001747	SAMD00022186	13570-146B6
RES00001748	SAMD00022187	13571-146B7
RES00001748	SAMD00022188	13572-146B8
RES00001748	SAMD00022189	13573-146B9
RES00001749	SAMD00022190	13574-146C1
RES00001749	SAMD00022191	13575-146C2
RES00001749	SAMD00022192	13576-146C3
RES00001750	SAMD00022193	13577-146C4
RES00001750	SAMD00022194	13578-146C5
RES00001750	SAMD00022195	13579-146C6
RES00001751	SAMD00005232	11525-119I4
RES00001751	SAMD00004909	11605-120I3
RES00001751	SAMD00005296	11686-122I3
RES00001752	SAMD00005775	11261-116G1
RES00001752	SAMD00005924	11338-117F6
RES00001752	SAMD00005966	11410-118E6
RES00001753	SAMD00005779	11339-117F7
RES00001753	SAMD00004970	11411-118E7
RES00001754	SAMD00005104	11242-116D9
RES00001754	SAMD00005764	11323-117D9
RES00001754	SAMD00005448	11399-118D4
RES00001755	SAMD00005752	10000-101A1
RES00001756	SAMD00004967	11526-119I5
RES00001756	SAMD00005451	11606-120I4
RES00001756	SAMD00005608	11687-122I4
RES00001757	SAMD00004823	11227-116C3
RES00001757	SAMD00004823	11227-116C3
RES00001757	SAMD00004688	11308-117C3
RES00001757	SAMD00006016	11384-118B7
RES00001758	SAMD00004835	11228-116C4
RES00001758	SAMD00004698	11309-117C4
RES00001758	SAMD00005406	11385-118B8
RES00001759	SAMD00005519	11207-116A1
RES00001759	SAMD00005941	11263-116G3
RES00001759	SAMD00004981	11340-117F8
RES00001759	SAMD00004830	11412-118E8
RES00001760	SAMD00005974	11264-116G4
RES00001760	SAMD00004960	11341-117F9
RES00001760	SAMD00005046	11413-118E9
RES00001761	SAMD00005778	11236-116D3
RES00001761	SAMD00005386	11317-117D3
RES00001761	SAMD00005940	11393-118C7
RES00001762	SAMD00005300	11265-116G5
RES00001762	SAMD00005962	11342-117G1
RES00001762	SAMD00005909	11414-118F1
RES00001763	SAMD00005486	11266-116G6
RES00001763	SAMD00004966	11343-117G2
RES00001764	SAMD00004928	11243-116E1
RES00001764	SAMD00004959	11324-117E1
RES00001764	SAMD00005667	11400-118D5
RES00001765	SAMD00004785	11267-116G7
RES00001765	SAMD00004806	11344-117G3
RES00001765	SAMD00005126	11416-118F3
RES00001766	SAMD00005571	12244-129H3
RES00001766	SAMD00005123	12245-129H4
RES00001766	SAMD00005271	12246-129H5
RES00001767	SAMD00005295	11507-119G4
RES00001767	SAMD00005886	11587-120G3
RES00001767	SAMD00004852	11668-122G3
RES00001768	SAMD00004930	10705-109H3
RES00001769	SAMD00022305	14331-155F2
RES00001769	SAMD00022301	14310-155C8
RES00001770	SAMD00005860	11245-116E3
RES00001771	SAMD00005544	14332-155F3
RES00001770	SAMD00005194	11326-117E3
RES00001771	SAMD00005828	14311-155C9
RES00001770	SAMD00005894	11401-118D6
RES00001772	SAMD00005836	11268-116G8
RES00001772	SAMD00005873	11345-117G4
RES00001772	SAMD00005613	11417-118F4
RES00001772	SAMD00005682	11452-119A3
RES00001772	SAMD00005027	11456-119A7
RES00001772	SAMD00005402	11460-119B2
RES00001773	SAMD00004719	11492-119E7
RES00001773	SAMD00004736	11572-120E6
RES00001773	SAMD00005776	11653-122E6
RES00001774	SAMD00005510	11531-120A1
RES00001774	SAMD00005290	11692-122I9
RES00001775	SAMD00004983	11269-116G9
RES00001775	SAMD00005260	11346-117G5
RES00001775	SAMD00004749	11418-118F5
RES00001775	SAMD00005148	11450-119A1
RES00001775	SAMD00005417	11454-119A5
RES00001775	SAMD00005619	11458-119A9
RES00001776	SAMD00005461	11237-116D4
RES00001777	SAMD00021210	11928-125I2
RES00001776	SAMD00005390	11318-117D4
RES00001776	SAMD00005363	11394-118C8
RES00001778	SAMD00004784	11222-116B7
RES00001779	SAMD00004968	11303-117B7
RES00001780	SAMD00021203	11921-125H4
RES00001776	SAMD00021204	11922-125H5
RES00001780	SAMD00021205	11923-125H6
RES00001776	SAMD00021206	11924-125H7
RES00001781	SAMD00021207	11925-125H8
RES00001776	SAMD00021208	11926-125H9
RES00001776	SAMD00021209	11927-125I1
RES00001782	SAMD00004854	11270-116H1
RES00001782	SAMD00005365	11347-117G6
RES00001782	SAMD00005677	11419-118F6
RES00001783	SAMD00004725	11506-119G3
RES00001783	SAMD00004993	11586-120G2
RES00001783	SAMD00004947	11667-122G2
RES00001784	SAMD00004849	11540-120B1
RES00001784	SAMD00004716	11620-122A9
RES00001784	SAMD00005624	11701-123A9
RES00001785	SAMD00005091	11238-116D5
RES00001785	SAMD00005857	11319-117D5
RES00001785	SAMD00005345	11395-118C9
RES00001785	SAMD00004778	11223-116B8
RES00001785	SAMD00005996	11304-117B8
RES00001785	SAMD00005628	11380-118B3
RES00001786	SAMD00005559	11250-116E8
RES00001787	SAMD00005534	11535-120A5
RES00001787	SAMD00005956	11615-122A4
RES00001787	SAMD00005600	11696-123A4
RES00001788	SAMD00005754	14329-155E9
RES00001789	SAMD00005292	11556-120C8
RES00001789	SAMD00005436	11557-120C9
RES00001788	SAMD00005248	14308-155C6
RES00001789	SAMD00005411	11560-120D3
RES00001790	SAMD00005302	14323-155E3
RES00001791	SAMD00004775	11553-120C5
RES00001790	SAMD00005582	14302-155B9
RES00001791	SAMD00004977	11561-120D4
RES00001792	SAMD00005054	14326-155E6
RES00001793	SAMD00005869	11555-120C7
RES00001793	SAMD00005679	11558-120D1
RES00001792	SAMD00005618	14305-155C3
RES00001793	SAMD00005567	11559-120D2
RES00001794	SAMD00005209	11554-120C6
RES00001795	SAMD00022304	14322-155E2
RES00001795	SAMD00022300	14301-155B8
RES00001796	SAMD00005898	10301-104H4
RES00001797	SAMD00005665	11221-116B6
RES00001797	SAMD00005050	11302-117B6
RES00001797	SAMD00004702	11379-118B2
RES00001798	SAMD00022139	13523-145F4
RES00001798	SAMD00022140	13524-145F5
RES00001798	SAMD00022141	13525-145F6
RES00001799	SAMD00022142	13526-145F7
RES00001799	SAMD00022143	13527-145F8
RES00001799	SAMD00022144	13528-145F9
RES00001800	SAMD00022145	13529-145G1
RES00001800	SAMD00022146	13530-145G2
RES00001800	SAMD00022147	13531-145G3
RES00001801	SAMD00004802	12627-134E8
RES00001801	SAMD00005615	12725-135G7
RES00001801	SAMD00005541	12823-136I6
RES00001802	SAMD00021391	12628-134E9
RES00001802	SAMD00021467	12726-135G8
RES00001802	SAMD00021542	12824-136I7
RES00001803	SAMD00021392	12629-134F1
RES00001803	SAMD00021468	12727-135G9
RES00001803	SAMD00021543	12825-136I8
RES00001804	SAMD00021393	12630-134F2
RES00001804	SAMD00021469	12728-135H1
RES00001804	SAMD00021544	12826-136I9
RES00001805	SAMD00021394	12631-134F3
RES00001805	SAMD00021470	12729-135H2
RES00001805	SAMD00021545	12827-137A1
RES00001806	SAMD00021395	12632-134F4
RES00001806	SAMD00021395	12632-134F4
RES00001806	SAMD00021471	12730-135H3
RES00001806	SAMD00021546	12828-137A2
RES00001806	SAMD00021546	12828-137A2
RES00001807	SAMD00021396	12633-134F5
RES00001807	SAMD00021472	12731-135H4
RES00001807	SAMD00021547	12829-137A3
RES00001808	SAMD00021397	12634-134F6
RES00001808	SAMD00021473	12732-135H5
RES00001808	SAMD00021548	12830-137A4
RES00001809	SAMD00021398	12635-134F7
RES00001809	SAMD00021474	12733-135H6
RES00001809	SAMD00021549	12831-137A5
RES00001810	SAMD00021399	12636-134F8
RES00001810	SAMD00021475	12734-135H7
RES00001810	SAMD00021550	12832-137A6
RES00001811	SAMD00021400	12637-134F9
RES00001811	SAMD00021476	12735-135H8
RES00001811	SAMD00021551	12833-137A7
RES00001812	SAMD00021401	12638-134G1
RES00001812	SAMD00021477	12736-135H9
RES00001812	SAMD00021552	12834-137A8
RES00001813	SAMD00021402	12639-134G2
RES00001813	SAMD00021478	12737-135I1
RES00001813	SAMD00021553	12835-137A9
RES00001814	SAMD00021403	12640-134G3
RES00001814	SAMD00021479	12738-135I2
RES00001814	SAMD00021554	12836-137B1
RES00001815	SAMD00021390	12626-134E7
RES00001815	SAMD00005266	12724-135G6
RES00001815	SAMD00005756	12822-136I5
RES00001816	SAMD00021989	13364-143F7
RES00001816	SAMD00021990	13365-143F8
RES00001816	SAMD00005086	13366-143F9
RES00001817	SAMD00021953	13328-143B7
RES00001817	SAMD00021965	13340-143D1
RES00001817	SAMD00021977	13352-143E4
RES00001818	SAMD00021954	13329-143B8
RES00001818	SAMD00021966	13341-143D2
RES00001818	SAMD00021978	13353-143E5
RES00001819	SAMD00021955	13330-143B9
RES00001819	SAMD00021967	13342-143D3
RES00001819	SAMD00021979	13354-143E6
RES00001820	SAMD00021956	13331-143C1
RES00001820	SAMD00021968	13343-143D4
RES00001820	SAMD00021980	13355-143E7
RES00001821	SAMD00021957	13332-143C2
RES00001821	SAMD00021969	13344-143D5
RES00001821	SAMD00021981	13356-143E8
RES00001822	SAMD00021958	13333-143C3
RES00001822	SAMD00021970	13345-143D6
RES00001822	SAMD00021982	13357-143E9
RES00001823	SAMD00021959	13334-143C4
RES00001823	SAMD00021971	13346-143D7
RES00001823	SAMD00021983	13358-143F1
RES00001824	SAMD00021960	13335-143C5
RES00001824	SAMD00021972	13347-143D8
RES00001824	SAMD00021984	13359-143F2
RES00001825	SAMD00021961	13336-143C6
RES00001825	SAMD00021973	13348-143D9
RES00001825	SAMD00021985	13360-143F3
RES00001826	SAMD00021962	13337-143C7
RES00001826	SAMD00021974	13349-143E1
RES00001826	SAMD00021986	13361-143F4
RES00001827	SAMD00021963	13338-143C8
RES00001827	SAMD00021975	13350-143E2
RES00001827	SAMD00021987	13362-143F5
RES00001828	SAMD00021964	13339-143C9
RES00001828	SAMD00021976	13351-143E3
RES00001828	SAMD00021988	13363-143F6
RES00001829	SAMD00005918	11271-116H2
RES00001829	SAMD00004905	11348-117G7
RES00001829	SAMD00005852	11420-118F7
RES00001830	SAMD00005176	11504-119G1
RES00001830	SAMD00005367	11584-120F9
RES00001831	SAMD00005125	11898-125E8
RES00001831	SAMD00005404	11899-125E9
RES00001831	SAMD00004733	11900-125F1
RES00001832	SAMD00005183	11890-125D9
RES00001832	SAMD00005506	11891-125E1
RES00001832	SAMD00005885	11892-125E2
RES00001833	SAMD00005170	11894-125E4
RES00001833	SAMD00005959	11895-125E5
RES00001833	SAMD00005842	11896-125E6
RES00001834	SAMD00004997	11521-119H9
RES00001834	SAMD00004955	11601-120H8
RES00001834	SAMD00005589	11682-122H8
RES00001835	SAMD00004821	11524-119I3
RES00001835	SAMD00004864	11604-120I2
RES00001835	SAMD00005533	11685-122I2
RES00001836	SAMD00005826	11523-119I2
RES00001836	SAMD00005065	11603-120I1
RES00001836	SAMD00004984	11684-122I1
RES00001837	SAMD00004765	10435-106E3
RES00001838	SAMD00004786	11246-116E4
RES00001839	SAMD00004777	11530-119I9
RES00001840	SAMD00021718	13079-140B1
RES00001840	SAMD00021781	13145-140I4
RES00001840	SAMD00021844	13211-141G7
RES00001841	SAMD00021719	13080-140B2
RES00001841	SAMD00021782	13146-140I5
RES00001841	SAMD00021845	13212-141G8
RES00001842	SAMD00021720	13081-140B3
RES00001842	SAMD00021783	13147-140I6
RES00001842	SAMD00021846	13213-141G9
RES00001843	SAMD00021721	13082-140B4
RES00001843	SAMD00021784	13148-140I7
RES00001843	SAMD00021847	13214-141H1
RES00001844	SAMD00021722	13083-140B5
RES00001844	SAMD00021785	13149-140I8
RES00001844	SAMD00021848	13215-141H2
RES00001845	SAMD00021723	13084-140B6
RES00001845	SAMD00021786	13150-140I9
RES00001845	SAMD00021849	13216-141H3
RES00001846	SAMD00021724	13085-140B7
RES00001846	SAMD00021787	13151-141A1
RES00001846	SAMD00021850	13217-141H4
RES00001847	SAMD00021725	13086-140B8
RES00001847	SAMD00021788	13152-141A2
RES00001847	SAMD00021851	13218-141H5
RES00001848	SAMD00021726	13087-140B9
RES00001848	SAMD00021789	13153-141A3
RES00001848	SAMD00021852	13219-141H6
RES00001849	SAMD00021727	13088-140C1
RES00001849	SAMD00021790	13154-141A4
RES00001849	SAMD00021853	13220-141H7
RES00001850	SAMD00021728	13089-140C2
RES00001850	SAMD00021791	13155-141A5
RES00001850	SAMD00021854	13221-141H8
RES00001851	SAMD00021729	13090-140C3
RES00001851	SAMD00021792	13156-141A6
RES00001851	SAMD00021855	13222-141H9
RES00001852	SAMD00021730	13091-140C4
RES00001852	SAMD00021793	13157-141A7
RES00001852	SAMD00021856	13223-141I1
RES00001853	SAMD00021731	13092-140C5
RES00001853	SAMD00021794	13158-141A8
RES00001853	SAMD00021857	13224-141I2
RES00001854	SAMD00021732	13093-140C6
RES00001854	SAMD00021795	13159-141A9
RES00001854	SAMD00021858	13225-141I3
RES00001855	SAMD00021733	13094-140C7
RES00001855	SAMD00021796	13160-141B1
RES00001855	SAMD00021859	13226-141I4
RES00001856	SAMD00021734	13095-140C8
RES00001856	SAMD00021797	13161-141B2
RES00001856	SAMD00021860	13227-141I5
RES00001857	SAMD00021735	13096-140C9
RES00001857	SAMD00021798	13162-141B3
RES00001857	SAMD00021861	13228-141I6
RES00001858	SAMD00005531	11272-116H3
RES00001858	SAMD00004888	11349-117G8
RES00001858	SAMD00005662	11421-118F8
RES00001859	SAMD00004992	11251-116E9
RES00001860	SAMD00005596	11527-119I6
RES00001860	SAMD00005048	11607-120I5
RES00001860	SAMD00005175	11688-122I5
RES00001861	SAMD00004995	10687-109F3
RES00001862	SAMD00004891	11529-119I8
RES00001862	SAMD00005741	11609-120I7
RES00001862	SAMD00004687	11690-122I7
RES00001863	SAMD00004711	12260-130A1
RES00001863	SAMD00004991	12382-131E6
RES00001863	SAMD00005701	12504-133A2
RES00001864	SAMD00021252	12261-130A2
RES00001864	SAMD00021298	12383-131E7
RES00001864	SAMD00021344	12505-133A3
RES00001865	SAMD00021253	12262-130A3
RES00001865	SAMD00021299	12384-131E8
RES00001865	SAMD00021345	12506-133A4
RES00001866	SAMD00021254	12263-130A4
RES00001866	SAMD00021300	12385-131E9
RES00001866	SAMD00021346	12507-133A5
RES00001867	SAMD00021255	12264-130A5
RES00001867	SAMD00021301	12386-131F1
RES00001867	SAMD00021347	12508-133A6
RES00001868	SAMD00021256	12265-130A6
RES00001868	SAMD00021302	12387-131F2
RES00001868	SAMD00021348	12509-133A7
RES00001869	SAMD00021257	12266-130A7
RES00001869	SAMD00021303	12388-131F3
RES00001869	SAMD00021349	12510-133A8
RES00001870	SAMD00021258	12267-130A8
RES00001870	SAMD00021304	12389-131F4
RES00001870	SAMD00021350	12511-133A9
RES00001871	SAMD00021259	12268-130A9
RES00001871	SAMD00021305	12390-131F5
RES00001871	SAMD00021351	12512-133B1
RES00001872	SAMD00021260	12269-130B1
RES00001872	SAMD00021306	12391-131F6
RES00001872	SAMD00021352	12513-133B2
RES00001873	SAMD00021261	12270-130B2
RES00001873	SAMD00021307	12392-131F7
RES00001873	SAMD00021353	12514-133B3
RES00001874	SAMD00021262	12271-130B3
RES00001874	SAMD00021308	12393-131F8
RES00001874	SAMD00021354	12515-133B4
RES00001875	SAMD00021263	12272-130B4
RES00001875	SAMD00021309	12394-131F9
RES00001875	SAMD00021355	12516-133B5
RES00001876	SAMD00021264	12273-130B5
RES00001876	SAMD00021310	12395-131G1
RES00001876	SAMD00021356	12517-133B6
RES00001877	SAMD00021265	12274-130B6
RES00001877	SAMD00021311	12396-131G2
RES00001877	SAMD00021357	12518-133B7
RES00001878	SAMD00021266	12275-130B7
RES00001878	SAMD00021312	12397-131G3
RES00001878	SAMD00021358	12519-133B8
RES00001879	SAMD00021672	13031-139E7
RES00001879	SAMD00005523	13097-140D1
RES00001879	SAMD00005157	13163-141B4
RES00001880	SAMD00021673	13032-139E8
RES00001880	SAMD00021736	13098-140D2
RES00001880	SAMD00021799	13164-141B5
RES00001881	SAMD00021674	13033-139E9
RES00001881	SAMD00021737	13099-140D3
RES00001881	SAMD00021800	13165-141B6
RES00001882	SAMD00021675	13034-139F1
RES00001882	SAMD00021738	13100-140D4
RES00001882	SAMD00021801	13166-141B7
RES00001883	SAMD00021676	13035-139F2
RES00001883	SAMD00021739	13101-140D5
RES00001883	SAMD00021802	13167-141B8
RES00001884	SAMD00021677	13036-139F3
RES00001884	SAMD00021740	13102-140D6
RES00001884	SAMD00021803	13168-141B9
RES00001885	SAMD00021678	13037-139F4
RES00001885	SAMD00021741	13103-140D7
RES00001885	SAMD00021804	13169-141C1
RES00001886	SAMD00021679	13038-139F5
RES00001886	SAMD00021742	13104-140D8
RES00001886	SAMD00021805	13170-141C2
RES00001887	SAMD00021680	13039-139F6
RES00001887	SAMD00021743	13105-140D9
RES00001887	SAMD00021806	13171-141C3
RES00001888	SAMD00021681	13040-139F7
RES00001888	SAMD00021744	13106-140E1
RES00001888	SAMD00021807	13172-141C4
RES00001889	SAMD00021682	13041-139F8
RES00001889	SAMD00021745	13107-140E2
RES00001889	SAMD00021808	13173-141C5
RES00001890	SAMD00021683	13042-139F9
RES00001890	SAMD00021746	13108-140E3
RES00001890	SAMD00021809	13174-141C6
RES00001891	SAMD00021684	13043-139G1
RES00001891	SAMD00021747	13109-140E4
RES00001891	SAMD00021810	13175-141C7
RES00001892	SAMD00021685	13044-139G2
RES00001892	SAMD00021748	13110-140E5
RES00001892	SAMD00021811	13176-141C8
RES00001893	SAMD00021686	13045-139G3
RES00001893	SAMD00021749	13111-140E6
RES00001893	SAMD00021812	13177-141C9
RES00001894	SAMD00021687	13046-139G4
RES00001894	SAMD00021750	13112-140E7
RES00001894	SAMD00021813	13178-141D1
RES00001895	SAMD00021688	13048-139G6
RES00001895	SAMD00021751	13114-140E9
RES00001895	SAMD00021814	13180-141D3
RES00001896	SAMD00021689	13049-139G7
RES00001896	SAMD00021752	13115-140F1
RES00001896	SAMD00021815	13181-141D4
RES00001897	SAMD00021690	13050-139G8
RES00001897	SAMD00021753	13116-140F2
RES00001897	SAMD00021816	13182-141D5
RES00001898	SAMD00021691	13051-139G9
RES00001898	SAMD00021754	13117-140F3
RES00001898	SAMD00021817	13183-141D6
RES00001899	SAMD00021692	13052-139H1
RES00001899	SAMD00021755	13118-140F4
RES00001899	SAMD00021818	13184-141D7
RES00001900	SAMD00021693	13053-139H2
RES00001900	SAMD00021756	13119-140F5
RES00001900	SAMD00021819	13185-141D8
RES00001901	SAMD00021694	13054-139H3
RES00001901	SAMD00021757	13120-140F6
RES00001901	SAMD00021820	13186-141D9
RES00001902	SAMD00021695	13055-139H4
RES00001902	SAMD00021758	13121-140F7
RES00001902	SAMD00021821	13187-141E1
RES00001903	SAMD00021696	13056-139H5
RES00001903	SAMD00021759	13122-140F8
RES00001903	SAMD00021822	13188-141E2
RES00001904	SAMD00021697	13057-139H6
RES00001904	SAMD00021760	13123-140F9
RES00001904	SAMD00021823	13189-141E3
RES00001905	SAMD00021698	13058-139H7
RES00001905	SAMD00021761	13124-140G1
RES00001905	SAMD00021824	13190-141E4
RES00001906	SAMD00021699	13059-139H8
RES00001906	SAMD00021762	13125-140G2
RES00001906	SAMD00021825	13191-141E5
RES00001907	SAMD00021700	13060-139H9
RES00001907	SAMD00021763	13126-140G3
RES00001907	SAMD00021826	13192-141E6
RES00001908	SAMD00021701	13061-139I1
RES00001908	SAMD00021764	13127-140G4
RES00001908	SAMD00021827	13193-141E7
RES00001909	SAMD00021702	13062-139I2
RES00001909	SAMD00021765	13128-140G5
RES00001909	SAMD00021828	13194-141E8
RES00001910	SAMD00005865	11232-116C8
RES00001910	SAMD00005017	11313-117C8
RES00001910	SAMD00005152	11389-118C3
RES00001911	SAMD00005561	12142-128E9
RES00001911	SAMD00005551	11929-125I3
RES00001911	SAMD00005171	11930-125I4
RES00001912	SAMD00005625	11273-116H4
RES00001912	SAMD00004884	11350-117G9
RES00001912	SAMD00004801	11422-118F9
RES00001913	SAMD00004941	11487-119E2
RES00001914	SAMD00005141	11563-120D6
RES00001914	SAMD00004690	11565-120D8
RES00001914	SAMD00005069	11566-120D9
RES00001914	SAMD00004803	11567-120E1
RES00001915	SAMD00012994	11940-126A5
RES00001915	SAMD00012992	11942-126A7
RES00001916	SAMD00012993	11939-126A4
RES00001916	SAMD00012995	11941-126A6
RES00001917	SAMD00005807	11502-119F8
RES00001917	SAMD00005440	11582-120F7
RES00001917	SAMD00005001	11663-122F7
RES00001918	SAMD00005723	11274-116H5
RES00001918	SAMD00004896	11351-117H1
RES00001918	SAMD00005433	11423-118G1
RES00001919	SAMD00005797	12641-134G4
RES00001919	SAMD00004961	12739-135I3
RES00001919	SAMD00005700	12837-137B2
RES00001920	SAMD00004942	11493-119E8
RES00001920	SAMD00004872	11573-120E7
RES00001920	SAMD00004675	11654-122E7
RES00001921	SAMD00004889	11219-116B4
RES00001922	SAMD00005913	11548-120B9
RES00001923	SAMD00005975	11537-120A7
RES00001923	SAMD00005332	11617-122A6
RES00001923	SAMD00004705	11698-123A6
RES00001924	SAMD00004680	11547-120B8
RES00001924	SAMD00005766	11627-122B7
RES00001925	SAMD00004842	11536-120A6
RES00001925	SAMD00005989	11616-122A5
RES00001925	SAMD00005083	11697-123A5
RES00001925	SAMD00005449	11464-119B6
RES00001926	SAMD00005577	11538-120A8
RES00001926	SAMD00004979	11618-122A7
RES00001927	SAMD00005491	11539-120A9
RES00001927	SAMD00004932	11619-122A8
RES00001927	SAMD00005444	11700-123A8
RES00001928	SAMD00004820	11217-116B2
RES00001929	SAMD00005427	11218-116B3
RES00001930	SAMD00005911	11214-116A8
RES00001931	SAMD00004790	11247-116E5
RES00001931	SAMD00005879	12156-128G5
RES00001931	SAMD00005963	11402-118D7
RES00001932	SAMD00021441	12698-135D7
RES00001932	SAMD00021516	12796-136F6
RES00001932	SAMD00021593	12894-137H5
RES00001933	SAMD00021442	12699-135D8
RES00001933	SAMD00021517	12797-136F7
RES00001933	SAMD00021594	12895-137H6
RES00001934	SAMD00021443	12700-135D9
RES00001934	SAMD00021518	12798-136F8
RES00001934	SAMD00021595	12896-137H7
RES00001935	SAMD00021444	12701-135E1
RES00001935	SAMD00021519	12799-136F9
RES00001935	SAMD00021596	12897-137H8
RES00001936	SAMD00021445	12702-135E2
RES00001936	SAMD00021520	12800-136G1
RES00001936	SAMD00021597	12898-137H9
RES00001937	SAMD00021446	12703-135E3
RES00001937	SAMD00021521	12801-136G2
RES00001937	SAMD00021598	12899-137I1
RES00001938	SAMD00021447	12704-135E4
RES00001938	SAMD00021522	12802-136G3
RES00001938	SAMD00021599	12900-137I2
RES00001939	SAMD00021448	12705-135E5
RES00001939	SAMD00021523	12803-136G4
RES00001939	SAMD00021600	12901-137I3
RES00001940	SAMD00021449	12706-135E6
RES00001940	SAMD00021524	12804-136G5
RES00001940	SAMD00021601	12902-137I4
RES00001941	SAMD00021450	12707-135E7
RES00001941	SAMD00021525	12805-136G6
RES00001941	SAMD00021602	12903-137I5
RES00001942	SAMD00021451	12708-135E8
RES00001942	SAMD00021526	12806-136G7
RES00001942	SAMD00021603	12904-137I6
RES00001943	SAMD00021452	12709-135E9
RES00001943	SAMD00021527	12807-136G8
RES00001943	SAMD00021604	12905-137I7
RES00001944	SAMD00021453	12710-135F1
RES00001944	SAMD00021528	12808-136G9
RES00001944	SAMD00021605	12906-137I8
RES00001945	SAMD00021454	12711-135F2
RES00001945	SAMD00021529	12809-136H1
RES00001945	SAMD00021606	12907-137I9
RES00001946	SAMD00021455	12712-135F3
RES00001946	SAMD00021530	12810-136H2
RES00001946	SAMD00021607	12908-138A1
RES00001947	SAMD00021456	12713-135F4
RES00001947	SAMD00021531	12811-136H3
RES00001947	SAMD00021608	12909-138A2
RES00001948	SAMD00021457	12714-135F5
RES00001948	SAMD00021532	12812-136H4
RES00001948	SAMD00021609	12910-138A3
RES00001949	SAMD00021458	12715-135F6
RES00001949	SAMD00021533	12813-136H5
RES00001949	SAMD00021610	12911-138A4
RES00001950	SAMD00021459	12716-135F7
RES00001950	SAMD00021534	12814-136H6
RES00001950	SAMD00021611	12912-138A5
RES00001951	SAMD00021460	12717-135F8
RES00001951	SAMD00021535	12815-136H7
RES00001951	SAMD00021612	12913-138A6
RES00001952	SAMD00021461	12718-135F9
RES00001952	SAMD00021536	12816-136H8
RES00001952	SAMD00021613	12914-138A7
RES00001953	SAMD00021462	12719-135G1
RES00001953	SAMD00021537	12817-136H9
RES00001953	SAMD00021614	12915-138A8
RES00001954	SAMD00021463	12720-135G2
RES00001954	SAMD00021538	12818-136I1
RES00001954	SAMD00021615	12916-138A9
RES00001955	SAMD00021464	12721-135G3
RES00001955	SAMD00021539	12819-136I2
RES00001955	SAMD00021616	12917-138B1
RES00001956	SAMD00021465	12722-135G4
RES00001956	SAMD00021540	12820-136I3
RES00001956	SAMD00021617	12918-138B2
RES00001957	SAMD00021466	12723-135G5
RES00001957	SAMD00021541	12821-136I4
RES00001958	SAMD00021932	13304-142I1
RES00001958	SAMD00021943	13316-143A4
RES00001958	SAMD00021948	13322-143B1
RES00001958	SAMD00021938	13310-142I7
RES00001959	SAMD00021937	13309-142I6
RES00001959	SAMD00021947	13321-143A9
RES00001959	SAMD00021952	13327-143B6
RES00001959	SAMD00021942	13315-143A3
RES00001960	SAMD00021933	13305-142I2
RES00001960	SAMD00005327	13317-143A5
RES00001960	SAMD00004904	13323-143B2
RES00001960	SAMD00005727	13311-142I8
RES00001961	SAMD00021934	13306-142I3
RES00001961	SAMD00021944	13318-143A6
RES00001961	SAMD00021949	13324-143B3
RES00001961	SAMD00021939	13312-142I9
RES00001962	SAMD00021935	13307-142I4
RES00001962	SAMD00021945	13319-143A7
RES00001962	SAMD00021950	13325-143B4
RES00001962	SAMD00021940	13313-143A1
RES00001963	SAMD00021936	13308-142I5
RES00001963	SAMD00021946	13320-143A8
RES00001963	SAMD00021951	13326-143B5
RES00001963	SAMD00021941	13314-143A2
RES00001964	SAMD00005087	11549-120C1
RES00001964	SAMD00004807	11629-122B9
RES00001965	SAMD00022113	13496-145C4
RES00001965	SAMD00022122	13505-145D4
RES00001965	SAMD00022131	13514-145E4
RES00001966	SAMD00005917	13469-144I4
RES00001966	SAMD00022095	13478-145A4
RES00001966	SAMD00022104	13487-145B4
RES00001967	SAMD00022114	13497-145C5
RES00001967	SAMD00022123	13506-145D5
RES00001967	SAMD00022132	13515-145E5
RES00001968	SAMD00022087	13470-144I5
RES00001968	SAMD00022096	13479-145A5
RES00001968	SAMD00022105	13488-145B5
RES00001969	SAMD00022115	13498-145C6
RES00001969	SAMD00022124	13507-145D6
RES00001969	SAMD00022133	13516-145E6
RES00001970	SAMD00022088	13471-144I6
RES00001970	SAMD00022097	13480-145A6
RES00001970	SAMD00022106	13489-145B6
RES00001971	SAMD00022116	13499-145C7
RES00001971	SAMD00022125	13508-145D7
RES00001972	SAMD00022089	13472-144I7
RES00001972	SAMD00022098	13481-145A7
RES00001972	SAMD00022107	13490-145B7
RES00001973	SAMD00022117	13500-145C8
RES00001973	SAMD00022126	13509-145D8
RES00001973	SAMD00022134	13518-145E8
RES00001974	SAMD00022090	13473-144I8
RES00001974	SAMD00022099	13482-145A8
RES00001974	SAMD00022108	13491-145B8
RES00001975	SAMD00022118	13501-145C9
RES00001975	SAMD00022127	13510-145D9
RES00001975	SAMD00022135	13519-145E9
RES00001976	SAMD00022091	13474-144I9
RES00001976	SAMD00022100	13483-145A9
RES00001976	SAMD00022109	13492-145B9
RES00001977	SAMD00022119	13502-145D1
RES00001977	SAMD00022128	13511-145E1
RES00001977	SAMD00022136	13520-145F1
RES00001978	SAMD00022092	13475-145A1
RES00001978	SAMD00022101	13484-145B1
RES00001978	SAMD00022110	13493-145C1
RES00001979	SAMD00022120	13503-145D2
RES00001979	SAMD00022129	13512-145E2
RES00001979	SAMD00022137	13521-145F2
RES00001980	SAMD00022093	13476-145A2
RES00001980	SAMD00022102	13485-145B2
RES00001980	SAMD00022111	13494-145C2
RES00001981	SAMD00022121	13504-145D3
RES00001981	SAMD00022130	13513-145E3
RES00001981	SAMD00022138	13522-145F3
RES00001982	SAMD00022094	13477-145A3
RES00001982	SAMD00022103	13486-145B3
RES00001982	SAMD00022112	13495-145C3
RES00001983	SAMD00004887	11241-116D8
RES00001983	SAMD00005337	11322-117D8
RES00001983	SAMD00005823	11398-118D3
RES00001984	SAMD00005120	10777-110G3
RES00001985	SAMD00005732	11230-116C6
RES00001985	SAMD00005177	11311-117C6
RES00001985	SAMD00005757	11387-118C1
RES00001986	SAMD00005090	11275-116H6
RES00001986	SAMD00005458	11352-117H2
RES00001987	SAMD00005481	11494-119E9
RES00001987	SAMD00005710	11574-120E8
RES00001987	SAMD00005711	11655-122E8
RES00001988	SAMD00004957	11233-116C9
RES00001988	SAMD00006013	11314-117C9
RES00001988	SAMD00004721	11390-118C4
RES00001989	SAMD00005285	11252-116F1
RES00001989	SAMD00005994	11409-118E5
RES00001989	SAMD00005335	11462-119B4
RES00001990	SAMD00005191	11933-125I7
RES00001990	SAMD00005868	11934-125I8
RES00001990	SAMD00005190	11935-125I9
RES00001990	SAMD00004726	11936-126A1
RES00001991	SAMD00004936	11496-119F2
RES00001992	SAMD00004808	11276-116H7
RES00001992	SAMD00005579	11353-117H3
RES00001992	SAMD00004715	11425-118G3
RES00001993	SAMD00005515	11277-116H8
RES00001993	SAMD00005116	11354-117H4
RES00001993	SAMD00005685	11426-118G4
RES00001994	SAMD00005906	11249-116E7
RES00001995	SAMD00005782	11491-119E6
RES00001995	SAMD00005839	11571-120E5
RES00001995	SAMD00005463	11652-122E5
RES00001996	SAMD00005305	11499-119F5
RES00001996	SAMD00005315	11579-120F4
RES00001997	SAMD00005408	11231-116C7
RES00001997	SAMD00004994	11312-117C7
RES00001997	SAMD00004845	11388-118C2
RES00001998	SAMD00005640	11278-116H9
RES00001998	SAMD00005834	11355-117H5
RES00001998	SAMD00004672	11427-118G5
RES00001999	SAMD00022303	14319-155D8
RES00002000	SAMD00004831	11467-119B9
RES00002001	SAMD00005354	14320-155D9
RES00002000	SAMD00005471	11328-117E5
RES00002002	SAMD00004851	11468-119C1
RES00002002	SAMD00005229	11329-117E6
RES00002002	SAMD00005026	11403-118D8
RES00002003	SAMD00005735	11469-119C2
RES00002004	SAMD00005889	11279-116I1
RES00002004	SAMD00004847	11356-117H6
RES00002004	SAMD00005562	11428-118G6
RES00002005	SAMD00005228	11280-116I2
RES00002005	SAMD00005360	11357-117H7
RES00002005	SAMD00004752	11429-118G7
RES00002006	SAMD00005094	11253-116F2
RES00002007	SAMD00005117	11331-117E8
RES00002007	SAMD00005276	11404-118D9
RES00002008	SAMD00005323	11254-116F3
RES00002008	SAMD00004800	11332-117E9
RES00002008	SAMD00005095	11405-118E1
RES00002009	SAMD00005247	11516-119H4
RES00002009	SAMD00005565	11596-120H3
RES00002010	SAMD00005877	11517-119H5
RES00002010	SAMD00005334	11597-120H4
RES00002010	SAMD00005666	11678-122H4
RES00002011	SAMD00005699	11514-119H2
RES00002011	SAMD00004840	11594-120H1
RES00002011	SAMD00005025	11675-122H1
RES00002011	SAMD00005943	11783-124B1
RES00002012	SAMD00005643	11518-119H6
RES00002012	SAMD00005573	11598-120H5
RES00002012	SAMD00005379	11679-122H5
RES00002013	SAMD00005391	11515-119H3
RES00002013	SAMD00005220	11595-120H2
RES00002013	SAMD00005901	11676-122H2
RES00002014	SAMD00005496	11215-116A9
RES00002014	SAMD00004929	11528-119I7
RES00002014	SAMD00005253	11608-120I6
RES00002014	SAMD00004906	11689-122I6
RES00002015	SAMD00005009	10002-101A5
RES00002016	SAMD00021440	12697-135D6
RES00002016	SAMD00021515	12795-136F5
RES00002016	SAMD00021592	12893-137H4
RES00002017	SAMD00021422	12662-134I7
RES00002017	SAMD00004881	12760-136B6
RES00002017	SAMD00005731	12858-137D5
RES00002018	SAMD00021423	12663-134I8
RES00002018	SAMD00021498	12761-136B7
RES00002018	SAMD00021575	12859-137D6
RES00002019	SAMD00021424	12664-134I9
RES00002019	SAMD00021499	12762-136B8
RES00002019	SAMD00021576	12860-137D7
RES00002020	SAMD00021425	12665-135A1
RES00002020	SAMD00021500	12763-136B9
RES00002020	SAMD00021577	12861-137D8
RES00002021	SAMD00021426	12666-135A2
RES00002021	SAMD00021501	12764-136C1
RES00002021	SAMD00021578	12862-137D9
RES00002022	SAMD00021427	12667-135A3
RES00002022	SAMD00021502	12765-136C2
RES00002022	SAMD00021579	12863-137E1
RES00002023	SAMD00021428	12668-135A4
RES00002023	SAMD00021503	12766-136C3
RES00002023	SAMD00021580	12864-137E2
RES00002024	SAMD00021429	12669-135A5
RES00002024	SAMD00021504	12767-136C4
RES00002024	SAMD00021581	12865-137E3
RES00002025	SAMD00021430	12670-135A6
RES00002025	SAMD00021505	12768-136C5
RES00002025	SAMD00021582	12866-137E4
RES00002026	SAMD00021431	12671-135A7
RES00002026	SAMD00021506	12769-136C6
RES00002026	SAMD00021583	12867-137E5
RES00002027	SAMD00021432	12672-135A8
RES00002027	SAMD00021507	12770-136C7
RES00002027	SAMD00021584	12868-137E6
RES00002028	SAMD00021433	12673-135A9
RES00002028	SAMD00021508	12771-136C8
RES00002028	SAMD00021585	12869-137E7
RES00002029	SAMD00021434	12674-135B1
RES00002029	SAMD00021509	12772-136C9
RES00002029	SAMD00021586	12870-137E8
RES00002030	SAMD00021435	12675-135B2
RES00002030	SAMD00021510	12773-136D1
RES00002030	SAMD00021587	12871-137E9
RES00002031	SAMD00021436	12676-135B3
RES00002031	SAMD00021511	12774-136D2
RES00002031	SAMD00021588	12872-137F1
RES00002032	SAMD00021437	12677-135B4
RES00002032	SAMD00021512	12775-136D3
RES00002032	SAMD00021589	12873-137F2
RES00002033	SAMD00021438	12678-135B5
RES00002033	SAMD00021513	12776-136D4
RES00002033	SAMD00021590	12874-137F3
RES00002034	SAMD00021439	12679-135B6
RES00002034	SAMD00021514	12777-136D5
RES00002034	SAMD00021591	12875-137F4
RES00002035	SAMD00005819	11498-119F4
RES00002035	SAMD00005422	11578-120F3
RES00002035	SAMD00005096	11659-122F3
RES00002036	SAMD00005631	11220-116B5
RES00002036	SAMD00004900	11301-117B5
RES00002036	SAMD00005028	11378-118B1
RES00002037	SAMD00005843	11255-116F4
RES00002037	SAMD00005284	11333-117F1
RES00002038	SAMD00005609	11281-116I3
RES00002038	SAMD00005073	11358-117H8
RES00002038	SAMD00005802	11430-118G8
RES00002038	SAMD00005833	11451-119A2
RES00002038	SAMD00005660	11455-119A6
RES00002038	SAMD00005970	11459-119B1
RES00002039	SAMD00005420	11240-116D7
RES00002039	SAMD00005751	11321-117D7
RES00002039	SAMD00005750	11397-118D2
RES00002040	SAMD00004973	11282-116I4
RES00002040	SAMD00004954	11359-117H9
RES00002040	SAMD00005053	11431-118G9
RES00002041	SAMD00005915	10286-104F7
RES00002042	SAMD00022306	14334-155F5
RES00002043	SAMD00022307	14335-155F6
RES00002042	SAMD00022302	14316-155D5
RES00002044	SAMD00005878	11256-116F5
RES00002044	SAMD00004717	11334-117F2
RES00002043	SAMD00005485	14317-155D6
RES00002044	SAMD00005139	11406-118E2
RES00002045	SAMD00005454	14313-155D2
RES00002046	SAMD00005133	14314-155D3
RES00002047	SAMD00005794	11210-116A4
RES00002047	SAMD00005435	11283-116I5
RES00002047	SAMD00005421	11360-117I1
RES00002047	SAMD00005106	11432-118H1
RES00002048	SAMD00005135	11519-119H7
RES00002049	SAMD00005265	11284-116I6
RES00002049	SAMD00005809	11361-117I2
RES00002049	SAMD00004781	11433-118H2
RES00002050	SAMD00005722	11234-116D1
RES00002050	SAMD00005349	11315-117D1
RES00002050	SAMD00005430	11391-118C5
RES00002051	SAMD00005960	11512-119G9
RES00002051	SAMD00004669	11592-120G8
RES00002052	SAMD00005986	11285-116I7
RES00002052	SAMD00005761	11362-117I3
RES00002052	SAMD00004958	11434-118H3
RES00002053	SAMD00004783	11239-116D6
RES00002053	SAMD00005674	11320-117D6
RES00002053	SAMD00004795	11396-118D1
RES00002054	SAMD00005888	11286-116I8
RES00002054	SAMD00004755	11363-117I4
RES00002054	SAMD00005288	11435-118H4
RES00002055	SAMD00004907	11508-119G5
RES00002055	SAMD00005375	11588-120G4
RES00002056	SAMD00005652	11287-116I9
RES00002056	SAMD00005745	11364-117I5
RES00002056	SAMD00005552	11436-118H5
RES00002057	SAMD00005128	11509-119G6
RES00002058	SAMD00005720	11257-116F6
RES00002058	SAMD00005488	11335-117F3
RES00002058	SAMD00004826	11465-119B7
RES00002059	SAMD00005179	11288-117A1
RES00002059	SAMD00005726	11365-117I6
RES00002059	SAMD00005115	11437-118H6
RES00002060	SAMD00005800	11289-117A2
RES00002060	SAMD00005772	11366-117I7
RES00002060	SAMD00005893	11438-118H7
RES00002061	SAMD00005939	11513-119H1
RES00002061	SAMD00004894	11593-120G9
RES00002061	SAMD00005738	11674-122G9
RES00002062	SAMD00005587	11290-117A3
RES00002062	SAMD00005759	11367-117I8
RES00002062	SAMD00005184	11439-118H8
RES00002063	SAMD00005129	11541-120B2
RES00002063	SAMD00004772	11621-122B1
RES00002063	SAMD00004972	11702-123B1
RES00002064	SAMD00004880	11212-116A6
RES00002065	SAMD00005085	11258-116F7
RES00002065	SAMD00005777	11466-119B8
RES00002066	SAMD00021226	11960-126C7
RES00002066	SAMD00021227	11961-126C8
RES00002066	SAMD00021228	11962-126C9
RES00002066	SAMD00021229	11963-126D1
RES00002066	SAMD00021230	11964-126D2
RES00002066	SAMD00021231	11965-126D3
RES00002067	SAMD00021232	11966-126D4
RES00002067	SAMD00021233	11967-126D5
RES00002067	SAMD00021234	11968-126D6
RES00002067	SAMD00021235	11969-126D7
RES00002068	SAMD00006015	11291-117A4
RES00002068	SAMD00005012	11368-117I9
RES00002068	SAMD00005569	11440-118H9
RES00002069	SAMD00005165	11532-120A2
RES00002069	SAMD00005142	11612-122A1
RES00002069	SAMD00004707	11693-123A1
RES00002070	SAMD00005201	11292-117A5
RES00002070	SAMD00004729	11369-118A1
RES00002070	SAMD00005997	11441-118I1
RES00002071	SAMD00005100	10007-101B4
RES00002072	SAMD00006005	10319-105A4
RES00002073	SAMD00005694	11520-119H8
RES00002073	SAMD00005904	11600-120H7
RES00002073	SAMD00005902	11681-122H7
RES00002073	SAMD00005200	11216-116B1
RES00002074	SAMD00005158	12179-129A1
RES00002074	SAMD00005066	12180-129A2
RES00002074	SAMD00004805	12181-129A3
RES00002074	SAMD00005983	12176-128I7
RES00002074	SAMD00005762	12177-128I8
RES00002074	SAMD00005023	12182-129A4
RES00002074	SAMD00005938	12183-129A5
RES00002074	SAMD00005604	12184-129A6
RES00002075	SAMD00006011	10809-111A8
RES00002076	SAMD00004939	10597-108E3
RES00002077	SAMD00005858	10717-109I6
RES00002078	SAMD00005385	10292-104G4
RES00002079	SAMD00004774	10455-106G5
RES00002080	SAMD00005931	10534-107G3
RES00002081	SAMD00005591	10429-106D6
RES00002082	SAMD00004757	10464-106H5
RES00002083	SAMD00005614	10827-111C8
RES00002084	SAMD00005659	10789-110H6
RES00002085	SAMD00005964	10828-111C9
RES00002086	SAMD00004756	10788-110H5
RES00002087	SAMD00005413	10792-110H9
RES00002088	SAMD00005633	10765-110E9
RES00002089	SAMD00005556	10829-111D1
RES00002090	SAMD00005864	10830-111D2
RES00002091	SAMD00005714	10831-111D3
RES00002092	SAMD00005554	10832-111D4
RES00002093	SAMD00005848	10833-111D5
RES00002094	SAMD00004882	10764-110E8
RES00002095	SAMD00004999	10770-110F5
RES00002096	SAMD00022299	14298-155B5
RES00002097	SAMD00005753	10399-106A3
RES00002098	SAMD00005601	10400-106A4
RES00002099	SAMD00004824	10405-106A9
RES00002100	SAMD00004814	10834-111D6
RES00002101	SAMD00005061	10835-111D7
RES00002102	SAMD00005980	10836-111D8
RES00002103	SAMD00004812	10837-111D9
RES00002104	SAMD00004764	10699-109G6
RES00002105	SAMD00005576	10802-111A1
RES00002106	SAMD00005010	10796-110I4
RES00002107	SAMD00005635	10010-101C1
RES00002108	SAMD00021148	10184-103D4
RES00002108	SAMD00021149	10185-103D5
RES00002108	SAMD00021150	10186-103D6
RES00002108	SAMD00021151	10187-103D7
RES00002109	SAMD00005708	10810-111A9
RES00002110	SAMD00005330	10081-102A9
RES00002111	SAMD00005098	10421-106C7
RES00002112	SAMD00005820	10708-109H6
RES00002113	SAMD00005437	12235-129G3
RES00002113	SAMD00005529	12236-129G4
RES00002113	SAMD00006009	12237-129G5
RES00002114	SAMD00005514	10167-103B5
RES00002114	SAMD00005342	10151-102I7
RES00002115	SAMD00021169	10360-105E9
RES00002116	SAMD00005691	10428-106D5
RES00002117	SAMD00005574	10795-110I3
RES00002118	SAMD00005598	10805-111A4
RES00002119	SAMD00004809	10052-101G7
RES00002120	SAMD00005897	10189-103D9
RES00002121	SAMD00005178	10589-108D4
RES00002122	SAMD00005230	10190-103E1
RES00002123	SAMD00005348	10425-106D2
RES00002124	SAMD00005039	10427-106D4
RES00002125	SAMD00004671	10702-109G9
RES00002126	SAMD00005118	10432-106D9
RES00002127	SAMD00005693	10496-107C1
RES00002128	SAMD00005222	10718-109I7
RES00002129	SAMD00005257	10011-101C2
RES00002130	SAMD00005780	10053-101G8
RES00002131	SAMD00005109	10686-109F2
RES00002132	SAMD00005595	10192-103E3
RES00002133	SAMD00005459	10084-102B3
RES00002133	SAMD00005144	10012-101C3
RES00002134	SAMD00004937	10085-102B4
RES00002135	SAMD00005638	10482-107A5
RES00002136	SAMD00005250	10419-106C5
RES00002137	SAMD00005429	10080-102A8
RES00002138	SAMD00005899	10760-110E4
RES00002139	SAMD00005844	10709-109H7
RES00002140	SAMD00021193	10715-109I4
RES00002141	SAMD00005378	10710-109H8
RES00002142	SAMD00005215	10703-109H1
RES00002143	SAMD00021194	10735-110B6
RES00002144	SAMD00005717	10719-109I8
RES00002145	SAMD00004911	10642-109A3
RES00002146	SAMD00005155	10177-103C6
RES00002146	SAMD00005372	10164-103B2
RES00002146	SAMD00021188	10379-105H1
RES00002147	SAMD00021163	10354-105E3
RES00002148	SAMD00005550	10173-103C2
RES00002148	SAMD00004727	10166-103B4
RES00002148	SAMD00005358	10083-102B2
RES00002149	SAMD00021166	10357-105E6
RES00002150	SAMD00005072	10188-103D8
RES00002151	SAMD00005301	10294-104G6
RES00002152	SAMD00005160	10552-107I3
RES00002153	SAMD00005307	10553-107I4
RES00002154	SAMD00004902	10013-101C4
RES00002155	SAMD00005972	10536-107G5
RES00002156	SAMD00005308	10700-109G7
RES00002157	SAMD00005371	10423-106C9
RES00002158	SAMD00005669	10785-110H2
RES00002159	SAMD00005016	10618-108G6
RES00002160	SAMD00004697	12238-129G6
RES00002160	SAMD00004737	12239-129G7
RES00002160	SAMD00004848	12240-129G8
RES00002161	SAMD00006003	10416-106C2
RES00002162	SAMD00005470	10801-110I9
RES00002163	SAMD00004724	10766-110F1
RES00002164	SAMD00004982	10824-111C5
RES00002164	SAMD00005310	10825-111C6
RES00002164	SAMD00005508	10826-111C7
RES00002165	SAMD00004875	10454-106G4
RES00002166	SAMD00005883	10409-106B4
RES00002167	SAMD00005922	10638-108I8
RES00002168	SAMD00005352	10636-108I6
RES00002169	SAMD00005511	10513-107D9
RES00002170	SAMD00005237	10420-106C6
RES00002171	SAMD00005055	10082-102B1
RES00002171	SAMD00005815	10014-101C5
RES00002172	SAMD00005845	10070-101I7
RES00002173	SAMD00005189	12130-128D6
RES00002173	SAMD00005536	12134-128E1
RES00002174	SAMD00005051	10452-106G2
RES00002175	SAMD00005000	10453-106G3
RES00002176	SAMD00004751	10449-106F8
RES00002177	SAMD00004735	10042-101F6
RES00002178	SAMD00004699	10295-104G7
RES00002179	SAMD00005626	10069-101I6
RES00002180	SAMD00004780	10193-103E4
RES00002181	SAMD00005068	10631-108I1
RES00002182	SAMD00005289	10438-106E6
RES00002183	SAMD00005788	10488-107B2
RES00002184	SAMD00005067	10196-103E7
RES00002185	SAMD00005706	10071-101I8
RES00002185	SAMD00005706	10071-101I8
RES00002186	SAMD00005192	10041-101F5
RES00002187	SAMD00005447	10451-106G1
RES00002188	SAMD00004732	10450-106F9
RES00002189	SAMD00005594	10604-108F1
RES00002190	SAMD00005206	10605-108F2
RES00002191	SAMD00005854	10606-108F3
RES00002192	SAMD00004815	10603-108E9
RES00002193	SAMD00005280	10497-107C2
RES00002194	SAMD00005316	10448-106F7
RES00002195	SAMD00005162	10643-109A4
RES00002196	SAMD00005605	10426-106D3
RES00002197	SAMD00005497	10431-106D8
RES00002198	SAMD00005785	10197-103E8
RES00002199	SAMD00005131	10443-106F2
RES00002200	SAMD00021190	10495-107B9
RES00002201	SAMD00005891	10815-111B5
RES00002201	SAMD00005737	10816-111B6
RES00002201	SAMD00004989	10817-111B7
RES00002202	SAMD00004818	10015-101C6
RES00002203	SAMD00005690	10410-106B5
RES00002204	SAMD00005520	10272-104E2
RES00002205	SAMD00005236	10298-104H1
RES00002206	SAMD00004912	10299-104H2
RES00002207	SAMD00005374	10297-104G9
RES00002208	SAMD00005015	10268-104D7
RES00002209	SAMD00004793	10054-101G9
RES00002210	SAMD00005908	10758-110E2
RES00002211	SAMD00005056	10711-109H9
RES00002212	SAMD00005272	10040-101F4
RES00002213	SAMD00005108	10470-106I2
RES00002214	SAMD00005593	10415-106C1
RES00002215	SAMD00005041	10198-103E9
RES00002216	SAMD00021211	11937-126A2
RES00002216	SAMD00021212	11938-126A3
RES00002217	SAMD00005958	10614-108G2
RES00002218	SAMD00004903	10612-108F9
RES00002219	SAMD00005896	10549-107H9
RES00002220	SAMD00021192	10560-108A2
RES00002221	SAMD00005730	10615-108G3
RES00002222	SAMD00005221	10487-107B1
RES00002223	SAMD00005274	10433-106E1
RES00002224	SAMD00005113	10688-109F4
RES00002225	SAMD00005163	10444-106F3
RES00002225	SAMD00005163	10444-106F3
RES00002226	SAMD00006006	10485-107A8
RES00002227	SAMD00005418	10413-106B8
RES00002228	SAMD00005967	10175-103C4
RES00002228	SAMD00005474	10161-103A8
RES00002228	SAMD00021176	10367-105F7
RES00002229	SAMD00021173	10364-105F4
RES00002230	SAMD00005398	12131-128D7
RES00002230	SAMD00005186	12135-128E2
RES00002230	SAMD00004988	12139-128E6
RES00002231	SAMD00004866	10624-108H3
RES00002232	SAMD00011636	14383-156B9
RES00002232	SAMD00011635	14384-156C1
RES00002232	SAMD00011638	14385-156C2
RES00002233	SAMD00011633	14380-156B6
RES00002233	SAMD00011637	14381-156B7
RES00002233	SAMD00011634	14382-156B8
RES00002234	SAMD00005930	10712-109I1
RES00002235	SAMD00004893	10205-103F7
RES00002236	SAMD00005392	10206-103F8
RES00002237	SAMD00005003	10207-103F9
RES00002238	SAMD00005847	10050-101G5
RES00002239	SAMD00004874	10051-101G6
RES00002240	SAMD00005389	10016-101C7
RES00002241	SAMD00005029	10046-101G1
RES00002242	SAMD00005769	10778-110G4
RES00002243	SAMD00005793	10633-108I3
RES00002244	SAMD00004811	10818-111B8
RES00002244	SAMD00005169	10819-111B9
RES00002244	SAMD00005359	10820-111C1
RES00002245	SAMD00005006	10484-107A7
RES00002246	SAMD00005140	10808-111A7
RES00002247	SAMD00005564	10169-103B7
RES00002247	SAMD00005074	10153-102I9
RES00002247	SAMD00021183	10374-105G5
RES00002248	SAMD00021172	10363-105F3
RES00002249	SAMD00022042	13421-144D1
RES00002249	SAMD00005689	13425-144D5
RES00002249	SAMD00022049	13429-144D9
RES00002250	SAMD00022043	13422-144D2
RES00002250	SAMD00022046	13426-144D6
RES00002250	SAMD00022050	13430-144E1
RES00002251	SAMD00022044	13423-144D3
RES00002251	SAMD00022047	13427-144D7
RES00002251	SAMD00022051	13431-144E2
RES00002252	SAMD00022045	13424-144D4
RES00002252	SAMD00022048	13428-144D8
RES00002252	SAMD00022052	13432-144E3
RES00002253	SAMD00005143	13433-144E4
RES00002253	SAMD00005071	13437-144E8
RES00002253	SAMD00022059	13441-144F3
RES00002254	SAMD00022053	13434-144E5
RES00002254	SAMD00022056	13438-144E9
RES00002254	SAMD00022060	13442-144F4
RES00002255	SAMD00022054	13435-144E6
RES00002255	SAMD00022057	13439-144F1
RES00002255	SAMD00022061	13443-144F5
RES00002256	SAMD00022055	13436-144E7
RES00002256	SAMD00022058	13440-144F2
RES00002256	SAMD00022062	13444-144F6
RES00002257	SAMD00022063	13445-144F7
RES00002257	SAMD00022067	13449-144G2
RES00002257	SAMD00022071	13453-144G6
RES00002258	SAMD00022064	13446-144F8
RES00002258	SAMD00022068	13450-144G3
RES00002258	SAMD00022072	13454-144G7
RES00002259	SAMD00022065	13447-144F9
RES00002259	SAMD00022069	13451-144G4
RES00002259	SAMD00022073	13455-144G8
RES00002260	SAMD00022066	13448-144G1
RES00002260	SAMD00022070	13452-144G5
RES00002260	SAMD00022074	13456-144G9
RES00002261	SAMD00022075	13457-144H1
RES00002261	SAMD00022079	13461-144H5
RES00002261	SAMD00022083	13465-144H9
RES00002262	SAMD00022076	13458-144H2
RES00002262	SAMD00022080	13462-144H6
RES00002262	SAMD00022084	13466-144I1
RES00002263	SAMD00022077	13459-144H3
RES00002263	SAMD00022081	13463-144H7
RES00002263	SAMD00022085	13467-144I2
RES00002264	SAMD00022078	13460-144H4
RES00002264	SAMD00022082	13464-144H8
RES00002264	SAMD00022086	13468-144I3
RES00002265	SAMD00005013	11904-125F5
RES00002265	SAMD00005294	11905-125F6
RES00002266	SAMD00005167	10039-101F3
RES00002267	SAMD00005555	10791-110H8
RES00002268	SAMD00005317	10017-101C8
RES00002269	SAMD00005649	10045-101F9
RES00002270	SAMD00005401	10509-107D5
RES00002271	SAMD00004922	10839-111E2
RES00002272	SAMD00005840	10692-109F8
RES00002273	SAMD00005817	10079-102A7
RES00002274	SAMD00004828	10078-102A6
RES00002275	SAMD00005185	10721-110A1
RES00002276	SAMD00004740	10569-108B2
RES00002277	SAMD00004734	10570-108B3
RES00002278	SAMD00005329	10571-108B4
RES00002279	SAMD00005151	10722-110A2
RES00002280	SAMD00005182	10647-109A8
RES00002281	SAMD00004745	10752-110D5
RES00002282	SAMD00005621	10782-110G8
RES00002283	SAMD00005058	10726-110A6
RES00002284	SAMD00005542	10018-101C9
RES00002285	SAMD00004877	10086-102B5
RES00002286	SAMD00004969	10182-103D2
RES00002286	SAMD00005792	10165-103B3
RES00002286	SAMD00021184	10375-105G6
RES00002287	SAMD00021171	10362-105F2
RES00002288	SAMD00005715	10499-107C4
RES00002289	SAMD00005224	10408-106B3
RES00002290	SAMD00021195	10742-110C4
RES00002291	SAMD00005303	10019-101D1
RES00002292	SAMD00005829	10068-101I5
RES00002293	SAMD00004910	10075-102A3
RES00002294	SAMD00005024	10077-102A5
RES00002295	SAMD00005770	10727-110A7
RES00002296	SAMD00005415	10775-110G1
RES00002297	SAMD00005019	10412-106B7
RES00002298	SAMD00005961	12231-129F8
RES00002298	SAMD00005855	12232-129F9
RES00002298	SAMD00005507	12233-129G1
RES00002298	SAMD00005806	12234-129G2
RES00002299	SAMD00005218	10414-106B9
RES00002300	SAMD00005484	10170-103B8
RES00002300	SAMD00005747	10150-102I6
RES00002300	SAMD00021177	10368-105F8
RES00002301	SAMD00021161	10352-105E1
RES00002302	SAMD00005572	10183-103D3
RES00002302	SAMD00005202	10156-103A3
RES00002302	SAMD00021185	10376-105G7
RES00002302	SAMD00021185	10376-105G7
RES00002303	SAMD00021162	10353-105E2
RES00002304	SAMD00005590	10174-103C3
RES00002304	SAMD00005583	10155-103A2
RES00002304	SAMD00004766	10038-101F2
RES00002305	SAMD00021170	10361-105F1
RES00002306	SAMD00004791	10838-111E1
RES00002307	SAMD00005880	10759-110E3
RES00002308	SAMD00005005	10514-107E1
RES00002309	SAMD00005172	10465-106H6
RES00002310	SAMD00005211	10691-109F7
RES00002311	SAMD00005532	10843-111E6
RES00002312	SAMD00005928	10844-111E7
RES00002313	SAMD00004787	11747-123G1
RES00002313	SAMD00005273	11748-123G2
RES00002313	SAMD00005254	11749-123G3
RES00002314	SAMD00005856	11750-123G4
RES00002314	SAMD00005728	11751-123G5
RES00002314	SAMD00005575	11840-124H4
RES00002315	SAMD00005347	11752-123G6
RES00002315	SAMD00005181	11753-123G7
RES00002315	SAMD00005645	11754-123G8
RES00002315	SAMD00005356	11755-123G9
RES00002316	SAMD00005641	11756-123H1
RES00002316	SAMD00005954	11833-124G6
RES00002316	SAMD00005216	11760-123H5
RES00002316	SAMD00005599	11836-124G9
RES00002317	SAMD00005281	11758-123H3
RES00002317	SAMD00005040	11835-124G8
RES00002317	SAMD00005043	11762-123H7
RES00002317	SAMD00005617	11838-124H2
RES00002318	SAMD00005655	11757-123H2
RES00002318	SAMD00005850	11759-123H4
RES00002318	SAMD00006010	11761-123H6
RES00002318	SAMD00005622	11842-124H6
RES00002318	SAMD00004788	11837-124H1
RES00002319	SAMD00005180	10568-108B1
RES00002320	SAMD00021862	13229-141I7
RES00002320	SAMD00004843	13230-141I8
RES00002320	SAMD00005522	13231-141I9
RES00002321	SAMD00021863	13232-142A1
RES00002321	SAMD00021864	13233-142A2
RES00002321	SAMD00021865	13234-142A3
RES00002322	SAMD00021866	13235-142A4
RES00002322	SAMD00021867	13236-142A5
RES00002322	SAMD00021868	13237-142A6
RES00002323	SAMD00021869	13238-142A7
RES00002323	SAMD00021870	13239-142A8
RES00002323	SAMD00021871	13240-142A9
RES00002324	SAMD00021872	13241-142B1
RES00002324	SAMD00021873	13242-142B2
RES00002324	SAMD00021874	13243-142B3
RES00002325	SAMD00021875	13244-142B4
RES00002325	SAMD00021876	13245-142B5
RES00002325	SAMD00021877	13246-142B6
RES00002326	SAMD00021878	13247-142B7
RES00002326	SAMD00021879	13248-142B8
RES00002326	SAMD00021880	13249-142B9
RES00002327	SAMD00021881	13250-142C1
RES00002327	SAMD00021882	13251-142C2
RES00002327	SAMD00021883	13252-142C3
RES00002328	SAMD00021884	13253-142C4
RES00002328	SAMD00021885	13254-142C5
RES00002328	SAMD00021886	13255-142C6
RES00002329	SAMD00021887	13256-142C7
RES00002329	SAMD00021888	13257-142C8
RES00002329	SAMD00021889	13258-142C9
RES00002330	SAMD00021890	13259-142D1
RES00002330	SAMD00021891	13260-142D2
RES00002330	SAMD00021892	13261-142D3
RES00002331	SAMD00021893	13262-142D4
RES00002331	SAMD00021894	13263-142D5
RES00002331	SAMD00021895	13264-142D6
RES00002332	SAMD00021896	13265-142D7
RES00002332	SAMD00021897	13266-142D8
RES00002332	SAMD00021898	13267-142D9
RES00002333	SAMD00021899	13268-142E1
RES00002333	SAMD00021900	13269-142E2
RES00002333	SAMD00021901	13270-142E3
RES00002334	SAMD00021902	13271-142E4
RES00002334	SAMD00021903	13272-142E5
RES00002334	SAMD00021904	13273-142E6
RES00002335	SAMD00021905	13274-142E7
RES00002335	SAMD00021906	13275-142E8
RES00002335	SAMD00021907	13276-142E9
RES00002336	SAMD00021908	13277-142F1
RES00002336	SAMD00021909	13278-142F2
RES00002336	SAMD00021910	13279-142F3
RES00002337	SAMD00021911	13280-142F4
RES00002337	SAMD00021912	13281-142F5
RES00002337	SAMD00021913	13282-142F6
RES00002338	SAMD00005658	10696-109G3
RES00002339	SAMD00005627	10493-107B7
RES00002340	SAMD00005932	10494-107B8
RES00002341	SAMD00006000	10849-111F3
RES00002341	SAMD00006000	10849-111F3
RES00002342	SAMD00005468	10850-111F4
RES00002343	SAMD00005438	10851-111F5
RES00002344	SAMD00005350	10852-111F6
RES00002345	SAMD00005138	10853-111F7
RES00002346	SAMD00005101	10854-111F8
RES00002347	SAMD00005214	10855-111F9
RES00002348	SAMD00005521	10856-111G1
RES00002349	SAMD00005518	10847-111F1
RES00002350	SAMD00004855	10846-111E9
RES00002351	SAMD00005921	10848-111F2
RES00002352	SAMD00005137	10845-111E8
RES00002353	SAMD00005424	10857-111G2
RES00002354	SAMD00004863	10858-111G3
RES00002355	SAMD00005709	11901-125F2
RES00002355	SAMD00004915	11902-125F3
RES00002355	SAMD00004873	11903-125F4
RES00002356	SAMD00004901	10689-109F5
RES00002357	SAMD00005075	10648-109A9
RES00002358	SAMD00005895	10784-110H1
RES00002359	SAMD00005729	10744-110C6
RES00002360	SAMD00004747	10772-110F7
RES00002361	SAMD00004771	10474-106I6
RES00002362	SAMD00004833	10600-108E6
RES00002363	SAMD00005282	10684-109E9
RES00002364	SAMD00005671	12226-129F3
RES00002364	SAMD00005671	12226-129F3
RES00002364	SAMD00005021	12227-129F4
RES00002365	SAMD00004974	10508-107D4
RES00002366	SAMD00005629	10539-107G8
RES00002367	SAMD00005446	10607-108F4
RES00002368	SAMD00005234	10555-107I6
RES00002369	SAMD00005971	10637-108I7
RES00002370	SAMD00005477	10663-109C6
RES00002371	SAMD00005487	10774-110F9
RES00002372	SAMD00005035	10728-110A8
RES00002373	SAMD00004859	10729-110A9
RES00002374	SAMD00005283	12133-128D9
RES00002374	SAMD00004985	12137-128E4
RES00002374	SAMD00004846	12141-128E8
RES00002375	SAMD00005362	10430-106D7
RES00002376	SAMD00006019	10730-110B1
RES00002377	SAMD00004738	10813-111B3
RES00002378	SAMD00005916	10812-111B2
RES00002379	SAMD00005208	10037-101F1
RES00002380	SAMD00005173	10172-103C1
RES00002380	SAMD00005357	10163-103B1
RES00002381	SAMD00021164	10355-105E4
RES00002382	SAMD00004850	10076-102A4
RES00002383	SAMD00005049	10073-102A1
RES00002384	SAMD00005831	10036-101E9
RES00002385	SAMD00004856	10195-103E6
RES00002386	SAMD00005088	10277-104E7
RES00002387	SAMD00005721	10434-106E2
RES00002388	SAMD00005382	10550-107I1
RES00002389	SAMD00005321	10545-107H5
RES00002390	SAMD00005525	10544-107H4
RES00002391	SAMD00005057	10704-109H2
RES00002392	SAMD00004684	10510-107D6
RES00002393	SAMD00005476	10558-107I9
RES00002394	SAMD00005233	10020-101D2
RES00002395	SAMD00005548	10732-110B3
RES00002396	SAMD00004858	10049-101G4
RES00002397	SAMD00005790	10698-109G5
RES00002398	SAMD00005103	10437-106E5
RES00002399	SAMD00005399	10417-106C3
RES00002400	SAMD00005480	10035-101E8
RES00002401	SAMD00021182	10373-105G4
RES00002402	SAMD00005122	10171-103B9
RES00002402	SAMD00005804	10157-103A4
RES00002402	SAMD00005014	10034-101E7
RES00002403	SAMD00004742	10072-101I9
RES00002404	SAMD00021165	10356-105E5
RES00002405	SAMD00005196	10199-103F1
RES00002406	SAMD00005578	10200-103F2
RES00002407	SAMD00005692	10697-109G4
RES00002408	SAMD00005900	10723-110A3
RES00002409	SAMD00005293	10179-103C8
RES00002409	SAMD00005634	10160-103A7
RES00002409	SAMD00021186	10377-105G8
RES00002410	SAMD00005584	10180-103C9
RES00002410	SAMD00005416	10162-103A9
RES00002410	SAMD00021187	10378-105G9
RES00002411	SAMD00005616	10021-101D3
RES00002412	SAMD00004916	10840-111E3
RES00002413	SAMD00005502	10706-109H4
RES00002414	SAMD00004952	10033-101E6
RES00002415	SAMD00004710	10032-101E5
RES00002416	SAMD00005936	12132-128D8
RES00002416	SAMD00005304	12136-128E3
RES00002416	SAMD00005441	12140-128E7
RES00002417	SAMD00005339	10490-107B4
RES00002418	SAMD00005252	10439-106E7
RES00002419	SAMD00005501	10022-101D4
RES00002420	SAMD00005287	10176-103C5
RES00002420	SAMD00021147	10152-102I8
RES00002420	SAMD00021181	10372-105G3
RES00002420	SAMD00021181	10372-105G3
RES00002421	SAMD00021174	10365-105F5
RES00002422	SAMD00005841	10469-106I1
RES00002423	SAMD00005076	10067-101I4
RES00002424	SAMD00005489	10411-106B6
RES00002425	SAMD00005261	10471-106I3
RES00002426	SAMD00005353	10030-101E3
RES00002427	SAMD00005431	10475-106I7
RES00002428	SAMD00005269	10787-110H4
RES00002429	SAMD00005653	10477-106I9
RES00002430	SAMD00005407	10695-109G2
RES00002431	SAMD00005130	11771-123I7
RES00002431	SAMD00005311	11772-123I8
RES00002431	SAMD00005791	11773-123I9
RES00002432	SAMD00005188	10093-102C3
RES00002433	SAMD00005495	10442-106F1
RES00002433	SAMD00005495	10442-106F1
RES00002434	SAMD00005681	10201-103F3
RES00002435	SAMD00005011	10639-108I9
RES00002436	SAMD00005193	11843-124H7
RES00002437	SAMD00005412	11841-124H5
RES00002438	SAMD00005995	10693-109F9
RES00002439	SAMD00005478	10436-106E4
RES00002440	SAMD00005154	10483-107A6
RES00002441	SAMD00004804	10282-104F3
RES00002442	SAMD00005588	10023-101D5
RES00002443	SAMD00005384	10066-101I3
RES00002444	SAMD00005079	10074-102A2
RES00002445	SAMD00005324	10065-101I2
RES00002446	SAMD00005366	10800-110I8
RES00002447	SAMD00005425	10610-108F7
RES00002448	SAMD00005205	10841-111E4
RES00002449	SAMD00005680	10541-107H1
RES00002450	SAMD00004718	10842-111E5
RES00002451	SAMD00005240	10562-108A4
RES00002452	SAMD00004876	10024-101D6
RES00002453	SAMD00005077	10064-101I1
RES00002454	SAMD00004998	10609-108F6
RES00002455	SAMD00005760	10048-101G3
RES00002456	SAMD00005620	10781-110G7
RES00002457	SAMD00005376	10181-103D1
RES00002457	SAMD00005672	10159-103A6
RES00002457	SAMD00021178	10369-105F9
RES00002458	SAMD00005114	10056-101H2
RES00002459	SAMD00021168	10359-105E8
RES00002460	SAMD00005299	10737-110B8
RES00002461	SAMD00005642	10025-101D7
RES00002462	SAMD00004976	10044-101F8
RES00002463	SAMD00005168	10424-106D1
RES00002464	SAMD00005462	10463-106H4
RES00002465	SAMD00005259	10646-109A7
RES00002466	SAMD00005203	10616-108G4
RES00002467	SAMD00004799	10486-107A9
RES00002468	SAMD00021189	10457-106G7
RES00002469	SAMD00021191	10501-107C6
RES00002470	SAMD00005331	10062-101H8
RES00002471	SAMD00005592	10202-103F4
RES00002472	SAMD00004731	10178-103C7
RES00002472	SAMD00005263	10158-103A5
RES00002472	SAMD00021180	10371-105G2
RES00002473	SAMD00021167	10358-105E7
RES00002474	SAMD00005318	10441-106E9
RES00002475	SAMD00004819	10031-101E4
RES00002476	SAMD00005719	10063-101H9
RES00002476	SAMD00005719	10063-101H9
RES00002477	SAMD00005664	11763-123H8
RES00002477	SAMD00005341	11765-123I1
RES00002477	SAMD00005903	11768-123I4
RES00002478	SAMD00005042	10790-110H7
RES00002479	SAMD00004827	10798-110I6
RES00002480	SAMD00005647	10807-111A6
RES00002481	SAMD00004689	10786-110H3
RES00002482	SAMD00004817	10591-108D6
RES00002483	SAMD00005150	10593-108D8
RES00002484	SAMD00005256	10590-108D5
RES00002485	SAMD00005861	10026-101D8
RES00002485	SAMD00005187	10096-102C6
RES00002486	SAMD00004703	10168-103B6
RES00002486	SAMD00005223	10154-103A1
RES00002486	SAMD00021179	10370-105G1
RES00002486	SAMD00021179	10370-105G1
RES00002487	SAMD00021175	10366-105F6
RES00002488	SAMD00005473	10209-103G2
RES00002489	SAMD00004925	10061-101H7
RES00002490	SAMD00021197	10803-111A2
RES00002491	SAMD00005063	10027-101D9
RES00002492	SAMD00005030	10043-101F7
RES00002493	SAMD00021196	10776-110G2
RES00002494	SAMD00005528	10783-110G9
RES00002495	SAMD00004739	10028-101E1
RES00002496	SAMD00005566	10060-101H6
RES00002497	SAMD00005231	10288-104F9
RES00002498	SAMD00005080	10203-103F5
RES00002499	SAMD00005093	10059-101H5
RES00002500	SAMD00004996	10047-101G2
RES00002501	SAMD00005452	10029-101E2
RES00002502	SAMD00005467	10058-101H4
RES00002503	SAMD00005874	10707-109H5
RES00002504	SAMD00005781	10418-106C4
RES00002505	SAMD00005744	10492-107B6
RES00002506	SAMD00005881	10694-109G1
RES00002507	SAMD00005765	10797-110I5
RES00002508	SAMD00004990	10057-101H3
RES00002509	SAMD00005111	10100-102D1
RES00002510	SAMD00005818	10055-101H1
RES00002511	SAMD00005937	10204-103F6
RES00002512	SAMD00005306	10191-103E2
RES00002513	SAMD00005944	10563-108A5
